,name,rating,address,description,review,alias,image_url,is_closed,review_count,latitude,longitude,location,display_phone,price,hours,transactions,languages,attributes,transit,best_time,delivery,pickup,online_ordering
0,Ten con Ten,5.0,"Calle de Ayala, 6, 28001 Madrid, Spain",Modern European ,"This place came highly recommended by a friend who had just visited Madrid on his honeymoon--and it did not ​. The atmosphere was an intimate setting, yet.... Because, Madrid, in reality, is nothing special. It does not have a great river, and hardly any skyscrapers. No channels, no lakes. Neither glorious ruins,.... We visited this restaurant because it was highly recommended by a friend and it didn't disappoint. We had a great meal and service was outstanding.  We.... ",ten-con-ten-madrid,https://s3-media2.fl.yelpcdn.com/bphoto/kfmmQ0_bpqioyMxRPiKKgQ/o.jpg,False,175,40.42795714,-3.68870527,"{'address1': 'Calle de Ayala, 6', 'address2': '', 'address3': '', 'city': 'Madrid', 'zip_code': '28001', 'country': 'ES', 'state': 'M', 'display_address': ['Calle de Ayala, 6', '28001 Madrid', 'Spain']}",+34 915 75 92 54,€€€,,[],,,,,,,
1,El Paraguas,1.0,"Calle de Jorge Juan, 16, 28001 Madrid, Spain",Spanish Asturian ,"The restaurant offers an elegant and formal ambience with a great atmosphere and professional and customer service driven professionals in the food.... I would highly discourage anyone from eating at El Paraguas while visiting Madrid, despite the oddly high ratings. Clearly the customers who have reviewed.... Tiene trenta minutos Para conseguir agua...servicio muy mal,  comida nada especial y cara. Buenos noches!! Nunca volver.. ",el-paraguas-madrid,https://s3-media3.fl.yelpcdn.com/bphoto/AlXKZBdm659SkFDTfFqOfA/o.jpg,False,55,40.4237396136235,-3.68582059325423,"{'address1': 'Calle de Jorge Juan, 16', 'address2': '', 'address3': '', 'city': 'Madrid', 'zip_code': '28001', 'country': 'ES', 'state': 'M', 'display_address': ['Calle de Jorge Juan, 16', '28001 Madrid', 'Spain']}",+34 914 31 59 50,€€€,,[],,,,,,,
2,La Maruca,5.0,"Calle Velázquez, 54, 28001 Madrid, Spain",Spanish Gastropubs Tapas/Small Plates ,"As vegetarians, our meal was amazing. 

The highlights:
- The mushroom tortilla 
- The cheese and tomato salad
- The cheese and honey flan

Simple.... Wow. Amazing. Easily the best meal I had in Madrid. Almost lost a star for the server who took our drink order and brought water. Not sure what the attitude.... We came here on a friends recommendation and I am glad we did.  This was without a doubt my favorite meal in Madrid. It is located in a pretty upscale.... ",la-maruca-madrid,https://s3-media1.fl.yelpcdn.com/bphoto/8NwvkyiYod68TZH6K3dLPQ/o.jpg,False,46,40.42751,-3.68373,"{'address1': 'Calle Velázquez, 54', 'address2': '', 'address3': '', 'city': 'Madrid', 'zip_code': '28001', 'country': 'ES', 'state': 'M', 'display_address': ['Calle Velázquez, 54', '28001 Madrid', 'Spain']}",+34 917 81 49 69,€€€,,[],,,,,,,
3,Estay,4.0,"Calle de Hermosilla, 46, 28001 Madrid, Spain",Spanish Tapas/Small Plates ,"This is the best place to have authentic Spanish food in Madrid! I wanted to experience traditional Spanish food and was not disappointed. My friends and I.... Best place in Madrid when it comes to tapas! Worth ordering the steak tartare, ""delicias de algas"", or any other main dish from their menu! It's located in.... A family friend brought us here for late night tapas.  She speaks perfect Spanish, so she was able to convey my vegan-ness to the waiter.  There's nothing.... ",estay-madrid-2,https://s3-media1.fl.yelpcdn.com/bphoto/ZOJnp2VmYQpYOXnQAJPOIw/o.jpg,False,22,40.42615,-3.68214,"{'address1': 'Calle de Hermosilla, 46', 'address2': '', 'address3': '', 'city': 'Madrid', 'zip_code': '28001', 'country': 'ES', 'state': 'M', 'display_address': ['Calle de Hermosilla, 46', '28001 Madrid', 'Spain']}",+34 915 78 04 70,€€,,[],,,,,,,
4,Punto MX,2.0,"Calle del General Pardiñas, 40, 28001 Madrid, Spain",Mexican ,"We had a really unique experience, no menu per se, but a chef flown in from a small town in Mexico was in residence for a week or so and had a full menu.... Very disappointing food and service. It took more than 15 minutes to bring our drink order and we had to remind them to bring it.

Ordering the food was.... Good food but simple taco at ten times normal price is outlandish.  Margarita for 13 euros total ripoff. Get slightly better pricing and I am happy to return. ",punto-mx-madrid,https://s3-media2.fl.yelpcdn.com/bphoto/zdZN15r8QdF5VEeU7Tm1zA/o.jpg,False,26,40.427681,-3.6783199,"{'address1': 'Calle del General Pardiñas, 40', 'address2': '', 'address3': '', 'city': 'Madrid', 'zip_code': '28001', 'country': 'ES', 'state': 'M', 'display_address': ['Calle del General Pardiñas, 40', '28001 Madrid', 'Spain']}",+34 914 02 22 26,€€€€,,[],,,,,,,
5,O'Caldiño,1.0,"Calle de Lagasca, 74, 28001 Madrid, Spain",Galician Seafood ,"This is a high end Spanish seafood restaurant. You will walk away knowing that you have eaten well both via your stomach and your wallet. 

The food is.... Located on a quieter street, this was a great find on a Saturday night.  We took our waiter Adrian's suggestion and ordered the steamed clams. They were.... Overpriced and mediocre.  Waiter suggested peppers and cheese.  26 euros for food I could make at home.  Fish was with a heavy lemon cream sauce...not food..... ",o-caldiño-madrid-2,https://s3-media3.fl.yelpcdn.com/bphoto/34N9oK-nezwH7SNfc8N8BA/o.jpg,False,18,40.42854,-3.6849,"{'address1': 'Calle de Lagasca, 74', 'address2': None, 'address3': None, 'city': 'Madrid', 'zip_code': '28001', 'country': 'ES', 'state': 'M', 'display_address': ['Calle de Lagasca, 74', '28001 Madrid', 'Spain']}",+34 915 75 70 14,€€€,,[],,,,,,,
6,Lateral,5.0,"Calle de Velázquez, 57, 28001 Madrid, Spain",Tapas Bars ,"This is a great spot to grab dinner or tapas. From the pinchos to the actual entrees, it's all good. Also, the menu is very diverse. It's so diverse that.... Super cute, good service and cool outdoor seating. We ordered a few different plates to share and they were all really really great. Favorite by far was the.... Very good adresse in Madrid!
Lots of choices you can share.
Prices are affordable approximately 20€ per person without alcohol 
Loved the burata, the.... ",lateral-madrid-2,https://s3-media2.fl.yelpcdn.com/bphoto/IfclG9v8AcDlPVbYZtnHHw/o.jpg,False,37,40.4285529,-3.6840287,"{'address1': 'Calle de Velázquez, 57', 'address2': '', 'address3': '', 'city': 'Madrid', 'zip_code': '28001', 'country': 'ES', 'state': 'M', 'display_address': ['Calle de Velázquez, 57', '28001 Madrid', 'Spain']}",+34 914 35 06 04,€€,,[],,,,,,,
7,Street Xo,2.0,"Calle de Serrano, 52, 28001 Madrid, Spain",Gastropubs Asian Fusion Spanish ,"Awesome and amazing. I first came here over 5 years ago when I couldn't get into David Munoz' Diver XO. It was then as is now: amazing. Street is a lot more.... After watching the Netflix show "" Somebody feed Phil"" that featured Street XO, we had so much exciting anticipation coming to the restaurant finally. This.... Website states the line is available at 7:30PM.We arrived at 7:30PM and there were already 20 people sitting in line. SO you can actually get there at.... ",street-xo-madrid-2,https://s3-media2.fl.yelpcdn.com/bphoto/-61fEEwji-AFQ7EelPAVuA/o.jpg,False,98,40.427645,-3.687092,"{'address1': 'Calle de Serrano, 52', 'address2': '', 'address3': '', 'city': 'Madrid', 'zip_code': '28001', 'country': 'ES', 'state': 'M', 'display_address': ['Calle de Serrano, 52', '28001 Madrid', 'Spain']}",+34 915 31 98 84,€€€,,[],,,,,,,
8,Goiko Grill,4.0,"Calle Conde de Peñalver, 41, 28006 Madrid, Spain",Burgers ,"Terrible.  They served raw burgers, not rare, blue.  After taking them back to our hotel and figuring out the quality issue, we returned to fix the error,.... Muy buenas hamburguesas. De las mejores que he comido en estos años. La carne es muy buena, las patatas increíbles (muchos restaurantes las dejan un poco.... Mac and cheese balls were unreal, the burger was great as well however i asked for well done and found the burger to be very pink.. ",goiko-grill-madrid-4,https://s3-media3.fl.yelpcdn.com/bphoto/omhUuUDPKToC7yUfdQoSig/o.jpg,False,46,40.4289579506968,-3.675554,"{'address1': 'Calle Conde de Peñalver, 41', 'address2': '', 'address3': '', 'city': 'Madrid', 'zip_code': '28006', 'country': 'ES', 'state': 'M', 'display_address': ['Calle Conde de Peñalver, 41', '28006 Madrid', 'Spain']}",+34 910 60 96 16,€€,,[],,,,,,,
9,La Tasqueria,5.0,"Calle Duque de Sesto, 48, 28009 Madrid, Spain",Spanish Mediterranean ,"This is definitely my favorite restaurant in Madrid, they are wild enough to make anything into best food, and the sauces they make are so creative ! Every.... Like Brad M., my boyfriend and I also decided to make this our last meal in Spain.  After two weeks roaming around this lovely country, we decided to end.... To our surprise we were able to get last-minute reservations to this place on a Friday night for our last dinner in Spain.  We wanted to make sure it was.... ",la-tasqueria-madrid-3,https://s3-media2.fl.yelpcdn.com/bphoto/71cLsfRuUN6tw0yUixEDOw/o.jpg,False,22,40.422279,-3.67374,"{'address1': 'Calle Duque de Sesto, 48', 'address2': '', 'address3': '', 'city': 'Madrid', 'zip_code': '28009', 'country': 'ES', 'state': 'M', 'display_address': ['Calle Duque de Sesto, 48', '28009 Madrid', 'Spain']}",+34 914 51 10 00,€€€,,[],,,,,,,
10,Tandoori Station,5.0,"Calle de José Ortega y Gasset, 89- 91, 28006 Madrid, Spain",Indian ,"Lets start with - you need reservation. If u do not have one, you will need to wait till 11:30 or so to get in. This place serves individulized Indian food,.... Very good Indian food and service  in a lovely little restaurant.  Pretty expensive which is factored in my rating. We enjoyed our chicken tikka masala and.... Great food and service. As spicy as you want it. Always worth a visit if you can get a reservation.. ",tandoori-station-madrid-2,https://s3-media2.fl.yelpcdn.com/bphoto/M4yJUZhnss9L2vM7bzcLBw/o.jpg,False,74,40.429824,-3.6709674,"{'address1': 'Calle de José Ortega y Gasset, 89- 91', 'address2': None, 'address3': None, 'city': 'Madrid', 'zip_code': '28006', 'country': 'ES', 'state': 'M', 'display_address': ['Calle de José Ortega y Gasset, 89- 91', '28006 Madrid', 'Spain']}",+34 914 01 22 28,€€,,[],,,,,,,
11,Swagat,4.0,"Calle de Nuñez de Balboa, 29, 28001 Madrid, Spain",Indian Vegetarian ,"Returning to this restaurant from about two Years ago, this place reminded me of the warmth and delicacy I tasted last time. Given that I was in town for a.... Don't miss this place if you love Indian food. From menu of the day lunch special, the service is very friendly and inviting and the kitchen puts a little.... This was one of the best indian food that I had in Spain across outside of Barcelona. 

We tried 2 dishes, Baigan Achari and Paneer Haryali. Both were good.... ",swagat-madrid-2,https://s3-media1.fl.yelpcdn.com/bphoto/Ba-FgK1LRx3kXHN5D_cLkQ/o.jpg,False,25,40.4243499,-3.68294,"{'address1': 'Calle de Nuñez de Balboa, 29', 'address2': '', 'address3': '', 'city': 'Madrid', 'zip_code': '28001', 'country': 'ES', 'state': 'M', 'display_address': ['Calle de Nuñez de Balboa, 29', '28001 Madrid', 'Spain']}",+34 915 77 95 66,€€,,[],,,,,,,
12,Cañadío,5.0,"Calle del Conde de Peñalver, 86, 28006 Madrid, Spain",Spanish Tapas/Small Plates ,"A gem in the non touristic neighborhood!

On my last day during a 3 week vacation to Spain, found this splendid restaurant near my hotel. After a day trip.... Very nice outdoor space friendly staff ask for English menu as no one spoke great English. Fresh anchovies are the best and they say they have the best.... SUMMARY: Eat here. You won't regret it. Downstairs tapas and drinks. Upstairs - upscale dining. Prepare to pay appropriately. 

FOOD: 5 stars - MUST EATS -.... ",cañadío-madrid-3,https://s3-media1.fl.yelpcdn.com/bphoto/Ki4njWOyvu9OXWGQpSiI2Q/o.jpg,False,21,40.433219,-3.674774,"{'address1': 'Calle del Conde de Peñalver, 86', 'address2': '', 'address3': '', 'city': 'Madrid', 'zip_code': '28006', 'country': 'ES', 'state': 'M', 'display_address': ['Calle del Conde de Peñalver, 86', '28006 Madrid', 'Spain']}",+34 912 81 91 92,€€,,[],,,,,,,
13,Hard Rock Cafe,5.0,"Paseo de la Castellana, 2, 28046 Madrid, Spain",American (Traditional) Burgers Cocktail Bars ,"Best meal in town! As an American traveling in Spain for three weeks, the hard rock was a sight for sore eyes. Tired of eating tapas, cheese and bread, I.... Food was cooked perfectly. I got a bbq burger which came with French fries that I didn't end up eating. For drinks  my buddies got beer I got a mango tango.... Well I know its a tourist thing but what the heck!?  Dropped in on a Saturday afternoon and the place was crazy!  Not all tourists either. The folks I sat.... ",hard-rock-cafe-madrid-3,https://s3-media2.fl.yelpcdn.com/bphoto/_1bDYTCTdOG4V9oaGqM69A/o.jpg,False,109,40.4262231704131,-3.6895943992343,"{'address1': 'Paseo de la Castellana, 2', 'address2': None, 'address3': None, 'city': 'Madrid', 'zip_code': '28046', 'country': 'ES', 'state': 'M', 'display_address': ['Paseo de la Castellana, 2', '28046 Madrid', 'Spain']}",+34 914 36 43 40,€€,,[],,,,,,,
14,El Barril,5.0,"Calle Recoletos, 9, 28001 Madrid, Spain",Spanish Seafood ,"One word. SQUID. Actually...not squid, CUTTLEFISH. (Bc they are different now that I looked it up on google.) Get the grilled cuttlefish with garlic salt..... We loved this place in the quiet of August.  The grilled squid was tender and so tasty and we've had alot of squid. The garlic monkfish was also delicious.... Ecellent place for seafood. They open for late lunch on Sunday which is great when your traveling. Food is top notch. The ham (jabugo) in this seafood place.... ",el-barril-madrid-5,https://s3-media1.fl.yelpcdn.com/bphoto/BQP51fMvigeH4QVuWW_S-g/o.jpg,False,21,40.42199,-3.69023,"{'address1': 'Calle Recoletos, 9', 'address2': None, 'address3': None, 'city': 'Madrid', 'zip_code': '28001', 'country': 'ES', 'state': 'M', 'display_address': ['Calle Recoletos, 9', '28001 Madrid', 'Spain']}",+34 914 36 11 01,€€€,,[],,,,,,,
15,Mallorca,5.0,"Calle de Velázquez, 59, 28001 Madrid, Spain",Chocolatiers & Shops Bakeries Breakfast & Brunch ,Mallorca is a bustling deli and pastry shop with plenty of seating for busy Madrilenos stopping to grab a quick bite. I visited Mallora several times during.... The little croissants in the window are to die for. They are super soft and glazed to perfection. I had one with crab and lettuce and a smaller one with.... This place is great. The food is fresh and the coffee is real  good. I've had white wine  and delicious iberico ham and a wonderful assortment of Spanish.... ,mallorca-madrid-6,https://s3-media3.fl.yelpcdn.com/bphoto/FCFp12yVkvHMZNEohNJPlQ/o.jpg,False,23,40.42892,-3.68401,"{'address1': 'Calle de Velázquez, 59', 'address2': '', 'address3': '', 'city': 'Madrid', 'zip_code': '28001', 'country': 'ES', 'state': 'M', 'display_address': ['Calle de Velázquez, 59', '28001 Madrid', 'Spain']}",+34 914 31 99 09,€€€,,[],,,,,,,
16,Tatel,4.0,"Paseo de la Castellana, 36, 28046 Madrid, Spain",Spanish Seafood Mediterranean ,"Wonderful ambience, music and staff. The food did not disappoint. We had the special roasted artichokes, Iberian flank steak and the truffle risotto.  I.... Colleagues and I came to get dinner at Tatel on Sunday night. There was a female live singer with a silky amazing voice that was definitely the highlight of.... One of the fancier places in Madrid for a nice meal. We had to make reservations since it looked like it was fully booked a lot of nights. On the phone they.... ",tatel-madrid,https://s3-media1.fl.yelpcdn.com/bphoto/oZFwysRiiVLJKfRlm1pY8g/o.jpg,False,36,40.432475,-3.687804,"{'address1': 'Paseo de la Castellana, 36', 'address2': '', 'address3': '', 'city': 'Madrid', 'zip_code': '28046', 'country': 'ES', 'state': 'M', 'display_address': ['Paseo de la Castellana, 36', '28046 Madrid', 'Spain']}",+34 911 72 18 41,€€€€,,[],,,,,,,
17,Flavia,4.0,"Calle Gil de Santivañes, 2, 28001 Madrid, Spain",Italian Pizza Bars ,"Ooooh Flavia was beyond perfect!
I had the truffle butter pasta with prawns and omg it was to die for! My cousin had the lasagna and said that also was.... I went to this restaurant due to the high reviews in yelp. This is one of the very few times where I got bad food from a great yelp score (also high in trip.... Excellent ambiance and atmosphere. We ordered two pasta dishes and both were very good. Service could improve though.. ",flavia-madrid,https://s3-media2.fl.yelpcdn.com/bphoto/iORo6qPjRVANvjBQcBMZAg/o.jpg,False,45,40.42239,-3.68959,"{'address1': 'Calle Gil de Santivañes, 2', 'address2': '', 'address3': '', 'city': 'Madrid', 'zip_code': '28001', 'country': 'ES', 'state': 'M', 'display_address': ['Calle Gil de Santivañes, 2', '28001 Madrid', 'Spain']}",+34 914 93 90 51,€€,,[],,,,,,,
18,La Castela,5.0,"Calle del Dr. Castelo, 22, 28009 Madrid, Spain",Spanish Tapas/Small Plates ,"First dinner in Madrid.

Looks small from the street entrance but there are dining tables in the rear of the bar.

We walked in at 10pm (prime dinner time).... Definitely the best tapas restaurant we visited this week.  Service was great with very friendly staff happy to help us with menu.  Food was really good..... Excellent old  Madrid classic. Well known and loved by Madrid connoisseurs; and a celebrities spot since Michell Obama dinned here. The food is consistently.... ",la-castela-madrid,https://s3-media3.fl.yelpcdn.com/bphoto/LhdshKoiBAOiQ8dhtWgVWg/o.jpg,False,33,40.4203,-3.67666,"{'address1': 'Calle del Dr. Castelo, 22', 'address2': '', 'address3': '', 'city': 'Madrid', 'zip_code': '28009', 'country': 'ES', 'state': 'M', 'display_address': ['Calle del Dr. Castelo, 22', '28009 Madrid', 'Spain']}",+34 915 73 55 90,€€€,,[],,,,,,,
19,La Trainera,4.0,"Calle de Lagasca, 60, 28001 Madrid, Spain",Seafood ,"One of my biggest regrets is not coming back one more time before we left Madrid. 

I came here about 13 years ago and I remember the crab being AMAZING. I.... Not the best seafood restaurant . 
Service is not very satisfactory . Not a single smiley face from any staff member !. A very good fish restaurant in Madrid. Simple fish, without too much show and complicated dishes. Expensive, but high quality and consistent. 

There are.... ",la-trainera-madrid,https://s3-media2.fl.yelpcdn.com/bphoto/h8xQw15bkLd5XSbN2qB93w/o.jpg,False,24,40.4271407501135,-3.68505830464909,"{'address1': 'Calle de Lagasca, 60', 'address2': '', 'address3': '', 'city': 'Madrid', 'zip_code': '28001', 'country': 'ES', 'state': 'M', 'display_address': ['Calle de Lagasca, 60', '28001 Madrid', 'Spain']}",+34 915 76 80 35,€€€,,[],,,,,,,
20,Los Girasoles,4.0,"Calle de Don Ramón de la Cruz, 48, 28001 Madrid, Spain",Mexican ,American in Madrid LOVED the atmosphere and the quality of the food. Visited 3x during my trip and cannot wait to go back. Great Mexican food in Spain.. Pretty good Mexican restaurant in the Salamanca neighborhood. And they have Modelo on tap.  Had the tacos al pastor and it was pretty good. Guacamole wasn't.... ,los-girasoles-madrid-2,https://s3-media2.fl.yelpcdn.com/bphoto/ygW4m5VOBTAyYNoAqNl3Rg/o.jpg,False,9,40.42873,-3.67786,"{'address1': 'Calle de Don Ramón de la Cruz, 48', 'address2': '', 'address3': '', 'city': 'Madrid', 'zip_code': '28001', 'country': 'ES', 'state': 'M', 'display_address': ['Calle de Don Ramón de la Cruz, 48', '28001 Madrid', 'Spain']}",+34 913 09 36 96,€€€,,[],,,,,,,
21,El Pimiento Verde,5.0,"Calle de Castelló, 18, 28001 Madrid, Spain",Basque ,"Impressed by this place! Since we got there, and please make reservations, we were well taken care of.
I want a special thanks to Manuel the  ""manager"" that.... Food was excellent.  The artichokes and white asparagus appetizers were absolutely divine and the lobster risotto was well done too though I could have done.... The homemade croquettes was delicious 
The grilled octopus was perfect and soft 
The bread and ceviche was delicious 
The receptionist and the waiter was.... ",el-pimiento-verde-madrid,https://s3-media4.fl.yelpcdn.com/bphoto/JDlYLmj8E3coGY1eyYtr9A/o.jpg,False,16,40.424058,-3.681484,"{'address1': 'Calle de Castelló, 18', 'address2': '', 'address3': None, 'city': 'Madrid', 'zip_code': '28001', 'country': 'ES', 'state': 'M', 'display_address': ['Calle de Castelló, 18', '28001 Madrid', 'Spain']}",+34 915 76 41 35,,,[],,,,,,,
22,InterContinental Madrid,5.0,"Paseo de la Castellana, 49, 28046 Madrid, Spain",Hotels Venues & Event Spaces International ,"This hotel is beautiful and the staff could not have done more for us.   The  rooms were spotless and well appointed. Anything you needed was in the room. I.... I am writing this at 3am as it's the last drop for me having a hard time sleeping here, the bed is hard and it's not for 2 people, it's a bit bigger than a.... I really enjoyed my stay at this hotel.

The breakfast buffet included with the room reservation is one of the best breakfast buffets I have had.  There is.... ",intercontinental-madrid-madrid-3,https://s3-media3.fl.yelpcdn.com/bphoto/WwJYaBIJuwgeIo8gXq2gHA/o.jpg,False,34,40.4363447,-3.6902144,"{'address1': 'Paseo de la Castellana, 49', 'address2': '', 'address3': '', 'city': 'Madrid', 'zip_code': '28046', 'country': 'ES', 'state': 'M', 'display_address': ['Paseo de la Castellana, 49', '28046 Madrid', 'Spain']}",+34 917 00 73 00,€€€,,[],,,,,,,
23,Bar Tomate,5.0,"Calle Fernando el Santo, 26, 28010 Madrid, Spain",Signature Cuisine Modern European Bars ,"Great environment, it's quiet enough for work or chat but also good for party. 
The menu is easy to choose and good for all kinds of choice. Very.... Nice place, seems very popular with young women. Basically a pizza place... took me a while to figure it out the menu. Duck tacos are ok, but need spicy.... Love this place, had the black pumpkin pizza as my main, also ordered the eggplant starter. The tomato juice in this place is great and i truly recommend.... ",bar-tomate-madrid-4,https://s3-media1.fl.yelpcdn.com/bphoto/RcSENIWX3r241CLNGFiwaQ/o.jpg,False,54,40.42795,-3.69048,"{'address1': 'Calle Fernando el Santo, 26', 'address2': None, 'address3': None, 'city': 'Madrid', 'zip_code': '28010', 'country': 'ES', 'state': 'M', 'display_address': ['Calle Fernando el Santo, 26', '28010 Madrid', 'Spain']}",+34 917 02 38 70,€€,,[],,,,,,,
24,Bendita Locura,3.0,"Calle del Príncipe de Vergara, 73, 28006 Madrid, Spain",Tapas Bars Mediterranean Breakfast & Brunch ,"Looks good but my advice- get reservations.
It was packed so likely it's good but we didn't have reservations so we left- making a reservation for tomorrow.... During a recent visit to Madrid my family and I dined discovered this gem across the street from our hotel. We dined at Bendita Locura on a couple of days..... Brunch is served from 10:00 am. That is the best option. Good eggs Benedictine. And service was very good. ",bendita-locura-madrid,https://s3-media1.fl.yelpcdn.com/bphoto/MRbfp5GnlFqY8-2-yYBrjQ/o.jpg,False,16,40.4349585845644,-3.67953476011883,"{'address1': 'Calle del Príncipe de Vergara, 73', 'address2': '', 'address3': '', 'city': 'Madrid', 'zip_code': '28006', 'country': 'ES', 'state': 'M', 'display_address': ['Calle del Príncipe de Vergara, 73', '28006 Madrid', 'Spain']}",+34 915 63 25 70,€€,,[],,,,,,,
25,Grosso Napoletano,5.0,"Calle de Hermosilla, 85, 28001 Madrid, Spain",Pizza Italian ,"Went there twice. The pizza was cooked poorly basically the cheese was raw on top of the pizza and the staff was so rude. Found a much better place around.... I had been craving pizza for days and i wish I'd found this place sooner so that I could go back again before I head back home from my trip. I had the 4.... Fantastic Italian food.. made with love with Iralian ingredients! Easy, short menu! Great place to go! Make your reservation!!. ",grosso-napoletano-madrid,https://s3-media2.fl.yelpcdn.com/bphoto/hf9Akwkw9PF2gOb_D8u0LQ/o.jpg,False,11,40.42606,-3.6769,"{'address1': 'Calle de Hermosilla, 85', 'address2': None, 'address3': '', 'city': 'Madrid', 'zip_code': '28001', 'country': 'ES', 'state': 'M', 'display_address': ['Calle de Hermosilla, 85', '28001 Madrid', 'Spain']}",+34 910 51 08 61,€€,,[],,,,,,,
26,Lavinia,5.0,"Calle de Jose Ortega y Gasset, 16, 28006 Madrid, Spain","Beer, Wine & Spirits Wineries Spanish ","Yelp offer DID NOT work, just a heads up. They didn't even recognize it, confirmed by 2 employees at the front desk. 

The wine we did try was very good..... The place to come if you are looking to buy wine in Madrid. There is also a tasting counter and good resto upstairs where you can take your purchase sans a.... If you are looking for the right wine, champagne, gyn, etc. for the perfect occasion; you've come to the right place. In 'Lavinia' you'll find not only the.... ",lavinia-madrid,https://s3-media1.fl.yelpcdn.com/bphoto/aN5G-bBIGskITLCEQ5ejHg/o.jpg,False,14,40.430179,-3.68451,"{'address1': 'Calle de Jose Ortega y Gasset, 16', 'address2': None, 'address3': None, 'city': 'Madrid', 'zip_code': '28006', 'country': 'ES', 'state': 'M', 'display_address': ['Calle de Jose Ortega y Gasset, 16', '28006 Madrid', 'Spain']}",+34 914 26 06 04,€€€,,[],,,,,,,
27,New York Burger,2.0,"Calle de Recoletos, 4, 28001 Madrid, Spain",Burgers ,"I'm so sorry I cannot give 5 stars to this place but after tasting a bunch of over-the-average burgers while I was in the US this is not that impressive....... Nice people. Delicious Burgers- and the pulled pork. Never expected it to be so good. French fry's beer and cheesecake. Great snack.. This place looks amazing!  Bustling atmosphere, great concept, excellent menu .... Unfortunately it fell flat. 

I ordered a Queens Burger medium well ....... ",new-york-burger-madrid-2,https://s3-media2.fl.yelpcdn.com/bphoto/xUiRBuyu5TwuUGWDtKXfDw/o.jpg,False,50,40.4221,-3.69082,"{'address1': 'Calle de Recoletos, 4', 'address2': None, 'address3': '', 'city': 'Madrid', 'zip_code': '28001', 'country': 'ES', 'state': 'M', 'display_address': ['Calle de Recoletos, 4', '28001 Madrid', 'Spain']}",+34 914 31 84 17,€€,,[],,,,,,,
28,Miyama,5.0,"Paseo de la Castellana, 45, 28046 Madrid, Spain",Japanese Sushi Bars ,"If you ever find yourself craving authentic Japanese food in Madrid, you must make a visit to Miyama! Service was extremely attentive from the moment we.... Delicious, fresh fish!! Been craving sushi for the longest time since I've been here and this place did not disappoint. 
Serving size is a little smaller.... This is the greatest Japanese restaurant I have been in. The food is great, the service is awesome and atmosphere is Japanese, which is calming and.... ",miyama-madrid,https://s3-media4.fl.yelpcdn.com/bphoto/O0FzD41K-yL-RqUGQ8fy1Q/o.jpg,False,27,40.43569,-3.68961,"{'address1': 'Paseo de la Castellana, 45', 'address2': '', 'address3': '', 'city': 'Madrid', 'zip_code': '28046', 'country': 'ES', 'state': 'M', 'display_address': ['Paseo de la Castellana, 45', '28046 Madrid', 'Spain']}",+34 913 91 00 26,€€€,,[],,,,,,,
29,Álbora,3.0,"Calle de Jorge Juan, 33, 28001 Madrid, Spain",Spanish Signature Cuisine Gastropubs ,Really great place to have dinner. The service is great. Their amuse bouche are super delicious. The potato pockets served with entrees are also great.. Has the short tasting menu with wine pairings for lunch. Great service and interesting food. Some we're definitely tastier than others. Overall a good.... #Michelin #onestar #Madrid #Spain We had a dinner here. Clean and romantic bar and atmosphere. Not bad service. Well the food was just okay. Especially.... ,álbora-madrid,https://s3-media4.fl.yelpcdn.com/bphoto/05wKuL5xQxX-uK3kbSbmqQ/o.jpg,False,19,40.4238,-3.68326,"{'address1': 'Calle de Jorge Juan, 33', 'address2': '', 'address3': '', 'city': 'Madrid', 'zip_code': '28001', 'country': 'ES', 'state': 'M', 'display_address': ['Calle de Jorge Juan, 33', '28001 Madrid', 'Spain']}",+34 917 81 61 97,€€€,,[],,,,,,,
30,Ramón Freixa Madrid,5.0,"Calle de Claudio Coello, 67, 28001 Madrid, Spain",Signature Cuisine ,"Without a doubt, when we have a unique opportunity to experience meals that are crafted with so much precision, it is a very fortunate experience. Ramon, a.... It is easy to feel spoiled and pampered at Ramon Freixa in Madrid. The restaurant space itself is small and intimate, and Ramon himself likes to introduce.... I sure hope the Michelin folks have a look at this. This place is 3 star all the way. Hospitality, decor, service, food quality and creativity, ambiance,.... ",ramón-freixa-madrid-madrid,https://s3-media3.fl.yelpcdn.com/bphoto/VkULm833AcoHsWqvVETBJQ/o.jpg,False,15,40.428463,-3.686212,"{'address1': 'Calle de Claudio Coello, 67', 'address2': '', 'address3': '', 'city': 'Madrid', 'zip_code': '28001', 'country': 'ES', 'state': 'M', 'display_address': ['Calle de Claudio Coello, 67', '28001 Madrid', 'Spain']}",+34 917 81 82 62,€€€€,,[],,,,,,,
31,El Gran Barril,5.0,"Calle de Goya, 107, 28009 Madrid, Spain",Seafood Spanish ,"For seafood lovers, El Gran Barril is a place to schedule in your foodie agenda while in Madrid.  

Located near the Goya station, it is easy to get to..... Food was great. It's a block away from our hotel . Service was good. Our waiter was attentive but had a little trouble understanding us, so we got shrimp.... All the dishes were prepared very well.
Contemporary and blight ambiance and well trained staff, very professional and helpful! 
Plus quality wine listings..... ",el-gran-barril-madrid-2,https://s3-media3.fl.yelpcdn.com/bphoto/Q5CnVnMOyLORLnJXGw2_vg/o.jpg,False,15,40.42483,-3.67302,"{'address1': 'Calle de Goya, 107', 'address2': None, 'address3': None, 'city': 'Madrid', 'zip_code': '28009', 'country': 'ES', 'state': 'M', 'display_address': ['Calle de Goya, 107', '28009 Madrid', 'Spain']}",+34 914 31 22 10,€€€,,[],,,,,,,
32,Ultramarinos Quintín,4.0,"Calle de Jorge Juan, 17, 28001 Madrid, Spain",Spanish Gastropubs Seafood ,"The food was remarkable. I had the seafood salad and the spider crab cannelloni. They were refreshing and the dishes were just the right amount. I would.... No words to describe how good everything was; I had the palmetto salad, the chipirones and torrejas for dessert and enjoyed it all. 4.1 What a superb location, decor, and overall atmosphere. The interiors are stunning, literally all floors. The food is good too. Coffee tastes great! We.... ",ultramarinos-quintín-madrid,https://s3-media1.fl.yelpcdn.com/bphoto/nj7SUBFfZPS9Pobor4rxHw/o.jpg,False,35,40.423942,-3.685413,"{'address1': 'Calle de Jorge Juan, 17', 'address2': '', 'address3': '', 'city': 'Madrid', 'zip_code': '28001', 'country': 'ES', 'state': 'M', 'display_address': ['Calle de Jorge Juan, 17', '28001 Madrid', 'Spain']}",+34 917 86 46 24,€€€,,[],,,,,,,
33,Bueybistro,4.5,"Calle General Pardiñas 10, 28001 Madrid, Spain",Spanish Tapas/Small Plates Brasseries ,,bueybistro-madrid,https://s3-media3.fl.yelpcdn.com/bphoto/YmjAVo1gimh447urbU37XQ/o.jpg,False,11,40.4242544,-3.6786065,"{'address1': 'Calle General Pardiñas 10', 'address2': None, 'address3': None, 'city': 'Madrid', 'zip_code': '28001', 'country': 'ES', 'state': 'M', 'display_address': ['Calle General Pardiñas 10', '28001 Madrid', 'Spain']}",+34 914 31 44 92,€€€,,[],,,,,,,
34,Casa Dani,5.0,"Calle de Ayala, 28, 28001 Madrid, Spain",Spanish Breakfast & Brunch ,"We saw this place on Somebody Feed Phil where the tortillas are supposed to be really good, and they ARE. We got it with onion because that's the version.... Overall: come for the tortilla dubbed ""best in Madrid"" by Jose Andres, but understand it might come at a price as this place is SUPER popular and it might.... Oh my Gosh! This place is amazing. My wife and I were on vacation in Madrid and saw this place on Somebody Feed Phil on Netflix. You have to go here.

They.... ",casa-dani-madrid,https://s3-media4.fl.yelpcdn.com/bphoto/5gUtvLs4y3jdfvg87ad9fQ/o.jpg,False,37,40.4268458477202,-3.68576867307351,"{'address1': 'Calle de Ayala, 28', 'address2': '', 'address3': '', 'city': 'Madrid', 'zip_code': '28001', 'country': 'ES', 'state': 'M', 'display_address': ['Calle de Ayala, 28', '28001 Madrid', 'Spain']}",+34 915 75 59 25,€,,[],,,,,,,
35,O'Grelo,5.0,"Calle de Menorca, 39, 28009 Madrid, Spain",Seafood Galician Tabernas ,"We found this restaurant by luck and we end up loving the place. The service was amazing, very nice and helpful. We didn't have a reference on what to order.... Last night in Madrid and last night of our 1 week trip. We happened to pass this place on our way to another restaurant and the fresh seafood on the window.... Excellent food, especially the callo and pulpo. Wonderful service. Friendly and patient waiters. Place was packed with locals.  One of our best meals..... ",o-grelo-madrid,https://s3-media1.fl.yelpcdn.com/bphoto/DkgSIVHU1B_4y33_v11WRg/o.jpg,False,16,40.4194579,-3.6748586,"{'address1': 'Calle de Menorca, 39', 'address2': None, 'address3': None, 'city': 'Madrid', 'zip_code': '28009', 'country': 'ES', 'state': 'M', 'display_address': ['Calle de Menorca, 39', '28009 Madrid', 'Spain']}",+34 914 09 72 04,€€€,,[],,,,,,,
36,Palacio del Dragón,3.0,"Calle de Ayala, 72, 28001 Madrid, Spain",Chinese ,"Some awesome Chinese food at this place, it's a little tucked away but worth the walk. The staff is friendly and the prices are very reasonable. We would.... A quite good menu, with a lot of various dishes. We have ordered ""Menu for 2"", and it was superb, tasty, and portions were much more than we could eat..... In a city where Chinese restaurants are a dime a dozen, this is one of the better ones I've tried. The atmosphere might suggest it is a little more upscale.... ",palacio-del-dragón-madrid-2,https://s3-media1.fl.yelpcdn.com/bphoto/OvCHg8ECkzq4oh_AF0lUDQ/o.jpg,False,7,40.4274,-3.67933,"{'address1': 'Calle de Ayala, 72', 'address2': '', 'address3': '', 'city': 'Madrid', 'zip_code': '28001', 'country': 'ES', 'state': 'M', 'display_address': ['Calle de Ayala, 72', '28001 Madrid', 'Spain']}",+34 915 78 04 99,,,[],,,,,,,
37,Tierra del Queiles,3.0,"Calle de Hermosilla, 7, 28001 Madrid, Spain",Spanish Tapas Bars ,"Artichokes, risotto, and oxtail  will feed two very nicely from portion size. Locals sit on 2nd floor where air condition is better, but be prepared to used.... Don't know who our server was as she didn't say her name. She couldn't speak very good English, but I managed to convey to her what we wanted. We had some.... Food was fine, but a little pricey. Might have been a language barrier with my poor Spanish but we had to ask for some items a couple of times, and there.... ",tierra-del-queiles-madrid,https://s3-media1.fl.yelpcdn.com/bphoto/TaM1ijbUqIOCgmOdYlteUw/o.jpg,False,22,40.4266099,-3.68828,"{'address1': 'Calle de Hermosilla, 7', 'address2': None, 'address3': '', 'city': 'Madrid', 'zip_code': '28001', 'country': 'ES', 'state': 'M', 'display_address': ['Calle de Hermosilla, 7', '28001 Madrid', 'Spain']}",+34 914 35 34 70,€€,,[],,,,,,,
38,Pastelería Mallorca,4.0,"Calle de Serrano, 6, 28001 Madrid, Spain",Bakeries Cafeteria ,"Delicious foods and charming cafe for dine in or take out. Came here before hitting the Prado museum, and it worked out well!

For it being a breakfast.... Established by Bernardino Moreno in 1931, and still built around his original recipes across several storefronts, Pasteleria Mallorca has grown into a.... What a beautiful café right near Salmanca and El Retiro park. It gave us a nice and relaxing break after walking around the park on the way to shopping. It.... ",pastelería-mallorca-madrid-3,https://s3-media3.fl.yelpcdn.com/bphoto/_D5BrsxNzQEJiCBgaacKfQ/o.jpg,False,27,40.42137,-3.68831,"{'address1': 'Calle de Serrano, 6', 'address2': '', 'address3': '', 'city': 'Madrid', 'zip_code': '28001', 'country': 'ES', 'state': 'M', 'display_address': ['Calle de Serrano, 6', '28001 Madrid', 'Spain']}",+34 915 77 18 59,€€,,[],,,,,,,
39,El Patio Del Fisgón,4.0,"Don Ramón De La Cruz, 26, 28001 Madrid, Spain",Bars Spanish ,"Beautiful restaurant, should call ahead to make reservations.
Food is good but not as good as we excepted.
The scrambled eggs with fries and truffles are.... I would call a week ahead of time to make a reservation at this wonderful small restaurant located in the center of Madrid.  They have two seatings on.... Nice atmosphere,  nice menu very well cooked , Good wine for a Good price .... Ups, forgot to mentioned the nice service. 
We will repeat for sure.. ",el-patio-del-fisgón-madrid,https://s3-media2.fl.yelpcdn.com/bphoto/kyh-fZFTCTMfLsbk5cYVbw/o.jpg,False,14,40.4289894,-3.6832099,"{'address1': 'Don Ramón De La Cruz, 26', 'address2': '', 'address3': '', 'city': 'Madrid', 'zip_code': '28001', 'country': 'ES', 'state': 'M', 'display_address': ['Don Ramón De La Cruz, 26', '28001 Madrid', 'Spain']}",+34 915 77 63 74,€€€,,[],,,,,,,
40,Habanera,5.0,"Calle de Génova, 28, 28004 Madrid, Spain",Modern European ,"Beautiful place! amazing atmosphere and friendly waiters. The food was some of the best I've ever had in Madrid and their brownie dessert was perfect..... My fiancé and I visited her friend in Madrid and she took us to the dope spot called Habanera. The food took a while to come out but it was worth it. Highly.... Upon researching this place, I saw it is on a list of ""the most instagramable restaurants"" and I would say that list would be correct! The vibe is so trendy.... ",habanera-madrid,https://s3-media4.fl.yelpcdn.com/bphoto/wt-utrEm29Or1McjFs7vOA/o.jpg,False,20,40.42534,-3.69177,"{'address1': 'Calle de Génova, 28', 'address2': '', 'address3': '', 'city': 'Madrid', 'zip_code': '28004', 'country': 'ES', 'state': 'M', 'display_address': ['Calle de Génova, 28', '28004 Madrid', 'Spain']}",+34 917 37 20 17,€€€,,[],,,,,,,
41,La Leyenda del Agave,4.0,"Calle Nuñez de Balboa, 37, 28001 Madrid, Spain",Mexican ,"Hole in the wall. Great find. Enchiladas mole was excellent. Friendly, inviting place. Highly recommend their traditional Mexican food as a nice break from.... ",la-leyenda-del-agave-madrid,https://s3-media1.fl.yelpcdn.com/bphoto/k_o2jIu4s5SQfVN1bf7xUg/o.jpg,False,12,40.425814,-3.6828331,"{'address1': 'Calle Nuñez de Balboa, 37', 'address2': '', 'address3': None, 'city': 'Madrid', 'zip_code': '28001', 'country': 'ES', 'state': 'M', 'display_address': ['Calle Nuñez de Balboa, 37', '28001 Madrid', 'Spain']}",+34 914 31 16 06,€€,,[],,,,,,,
42,Martinete,5.0,"Plaza del Marqués de Salamanca, 9, 28006 Madrid, Spain",Spanish Bars Gastropubs ,"Great location in Salamanca, outdoor seating, seafood is great and innovative, eclectic menu. Highly recommended!. ",martinete-madrid,https://s3-media4.fl.yelpcdn.com/bphoto/yG8DpsyBlTrmfDGBT8W3gQ/o.jpg,False,5,40.4298548,-3.6790712,"{'address1': 'Plaza del Marqués de Salamanca, 9', 'address2': '', 'address3': '', 'city': 'Madrid', 'zip_code': '28006', 'country': 'ES', 'state': 'M', 'display_address': ['Plaza del Marqués de Salamanca, 9', '28006 Madrid', 'Spain']}",+34 914 32 17 61,€€€,,[],,,,,,,
43,Cazorla,5.0,"Calle Castello, 99, 28006 Madrid, Spain",Spanish Andalusian Tapas/Small Plates ,"I just went to this restaurant and the service was really good. It's a perfect restaurant for typical Spanish food, specially for someone visiting. We order.... My fave neighborhood bar--I love it. The staff was immediately warm and friendly when I moved in, they were patient with my Spanish, and made me feel at.... Excellent tapas place, tight space, great food and very friendly service! The owner is very helpful and knowledgeable.. ",cazorla-madrid-8,https://s3-media2.fl.yelpcdn.com/bphoto/Oy55XcyJ2IoTIjQwdPd5XA/o.jpg,False,13,40.4340164,-3.6809025,"{'address1': 'Calle Castello, 99', 'address2': None, 'address3': None, 'city': 'Madrid', 'zip_code': '28006', 'country': 'ES', 'state': 'M', 'display_address': ['Calle Castello, 99', '28006 Madrid', 'Spain']}",+34 915 62 71 94,€€,,[],,,,,,,
44,La Montería,5.0,"Calle de Lope de Rueda, 35, 28009 Madrid, Spain",Spanish Tapas/Small Plates ,"Decided to try based on yelp reviews and interesting menu. We started with appetizers: Gambas (shrimp) and mushrooms with truffle. I had monkfish, my.... I adored being here while going out on Saturday night in Madrid.
What a wonderful place to start with the name: the city I grew up in Colombia, S.A.
Staff.... Had a wonderful dinner there last night (Friday). I arrived about 7:30, hoping to get a seat before the crowd got there. I'm glad I did. When I walked in,.... ",la-montería-madrid-2,https://s3-media1.fl.yelpcdn.com/bphoto/Jl2KGt0dwQ71mPzExdUcGw/o.jpg,False,15,40.42027,-3.67752,"{'address1': 'Calle de Lope de Rueda, 35', 'address2': '', 'address3': '', 'city': 'Madrid', 'zip_code': '28009', 'country': 'ES', 'state': 'M', 'display_address': ['Calle de Lope de Rueda, 35', '28009 Madrid', 'Spain']}",+34 915 74 18 12,€€,,[],,,,,,,
45,Ayala Japón,4.0,"Calle de Ayala, 67, 28001 Madrid, Spain",Japanese ,"Surprisingly good Japanese fare in the heart of the city.

Service is super attentive and everything tastes fresh. I have a problem with seaweed in this.... ",ayala-japón-madrid-2,https://s3-media1.fl.yelpcdn.com/bphoto/jfCjFzBPw_itU4nrOiWEyw/o.jpg,False,10,40.42743,-3.67654,"{'address1': 'Calle de Ayala, 67', 'address2': '', 'address3': '', 'city': 'Madrid', 'zip_code': '28001', 'country': 'ES', 'state': 'M', 'display_address': ['Calle de Ayala, 67', '28001 Madrid', 'Spain']}",+34 913 09 56 25,€€,,[],,,,,,,
46,Dingo,5.0,"Calle de Velázquez 47, 28001 Madrid, Spain",American (Traditional) ,"Came here because this restaurant is recommended by gastrofestival 2019.

Happy with our meal from beginning to end! Lunch in Spain is their biggest meal of.... Awesome ambiance. The prices are reasonable and they have brunch! not as extensive a brunch menu as you might find in the US but they have some different.... What a great place.  The atmosphere is very appealing.  It's casual and cozy but quite large inside.  The food was fantastic.  The strawberry, pistachio and.... ",dingo-madrid,https://s3-media4.fl.yelpcdn.com/bphoto/yCRK-YbapcgbVJ9P-brZfw/o.jpg,False,4,40.4272,-3.68415,"{'address1': 'Calle de Velázquez 47', 'address2': '', 'address3': None, 'city': 'Madrid', 'zip_code': '28001', 'country': 'ES', 'state': 'M', 'display_address': ['Calle de Velázquez 47', '28001 Madrid', 'Spain']}",+34 910 51 05 06,,,[],,,,,,,
47,Jurucha,4.0,"Calle de Ayala, 19, 28001 Madrid, Spain",Tapas Bars ,"Due to its proximity to our hotel and the high reviews, my wife and I decided to have our inaugural tapas experience, and honestly, it did not.... Decent sidewalk terrace to have drinks and tapas. Tried small sandwiches de jamón , canapé with fish and shrimp, as well as a canapé with brie. All were.... Limited seating!  Definitely a place where locals hang out.  You can order drinks from the patio table, but there is no actual menu -- you go in and see.... ",jurucha-madrid,https://s3-media1.fl.yelpcdn.com/bphoto/zQheHv2XpYRCMCF7K2YIMg/o.jpg,False,15,40.42787,-3.68563,"{'address1': 'Calle de Ayala, 19', 'address2': '', 'address3': '', 'city': 'Madrid', 'zip_code': '28001', 'country': 'ES', 'state': 'M', 'display_address': ['Calle de Ayala, 19', '28001 Madrid', 'Spain']}",+34 915 75 00 98,€,,[],,,,,,,
48,Asia Tei,4.0,"Calle de Ayala, 64, 28001 Madrid, Spain",Sushi Bars ,"I'm from Asia so food in Europe is a little salty for my taste. However, the food here is still pretty delicious in my opinion. Run by Chinese, they serve.... ",asia-tei-madrid,https://s3-media4.fl.yelpcdn.com/bphoto/Ik4KePhmQkLlN7uVmKxkbg/o.jpg,False,6,40.4274712,-3.6807301,"{'address1': 'Calle de Ayala, 64', 'address2': '', 'address3': '', 'city': 'Madrid', 'zip_code': '28001', 'country': 'ES', 'state': 'M', 'display_address': ['Calle de Ayala, 64', '28001 Madrid', 'Spain']}",+34 915 76 97 00,€€,,[],,,,,,,
49,A&G Madrid,5.0,"Calle Ayala, 27, 28001 Madrid, Spain",Peruvian ,"This is a top tier restaurant from an amazing restauranteur.
 
We arrived early (by Madrid standards) and were seated right away. The atmosphere was.... ",a-y-g-madrid-madrid-2,https://s3-media4.fl.yelpcdn.com/bphoto/DDsv2iGDaKuf7ByKh7svQQ/o.jpg,False,3,40.4278368,-3.6846042,"{'address1': 'Calle Ayala, 27', 'address2': '', 'address3': '', 'city': 'Madrid', 'zip_code': '28001', 'country': 'ES', 'state': 'M', 'display_address': ['Calle Ayala, 27', '28001 Madrid', 'Spain']}",+34 917 02 62 62,€€€,,[],,,,,,,
